Create table Person (personId int, firstName varchar(255), lastName varchar(255))
Create table Address (addressId int, personId int, city varchar(255), state varchar(255))
Truncate table Person
insert into Person (personId, lastName, firstName) values ('1', 'Wang', 'Allen')
insert into Person (personId, lastName, firstName) values ('2', 'Alice', 'Bob')
Truncate table Address
insert into Address (addressId, personId, city, state) values ('1', '2', 'New York City', 'New York')
insert into Address (addressId, personId, city, state) values ('2', '3', 'Leetcode', 'California')



Select p.firstName,p.lastName,a.city,state from Person as p
left join Address as a on p.personId = a.personId



Create table Employees (id int, name varchar(255), salary int, managerId int)
Truncate table Employees
insert into Employees (id, name, salary, managerId) values ('1', 'Joe', '70000', '3')
insert into Employees (id, name, salary, managerId) values ('2', 'Henry', '80000', '4')
insert into Employees (id, name, salary, managerId) values ('3', 'Sam', '60000', NULL)
insert into Employees (id, name, salary, managerId) values ('4', 'Max', '90000', NULL)




select e1.Name as Employee from Employees as e1
join Employees as e2 on e1.managerID = e2.id
where e1.salary> e2.salary 


Create table Person (id int, email varchar(255)) Truncate table Person insert into Person (id, email) values ('1', 'a@b.com') insert into Person (id, email) values ('2', 'c@d.com') insert into Person (id, email) values ('3', 'a@b.com')


select distinct(email) from person 

CREATE TABLE boys (
    Id INT PRIMARY KEY,
    name VARCHAR(100),
    ParentName VARCHAR(100)
);

CREATE TABLE girls (
    Id INT PRIMARY KEY,
    name VARCHAR(100),
    ParentName VARCHAR(100)
);

INSERT INTO boys (Id, name, ParentName) 
VALUES 
(1, 'John', 'Michael'),  
(2, 'David', 'James'),   
(3, 'Alex', 'Robert'),   
(4, 'Luke', 'Michael'),  
(5, 'Ethan', 'David'),    
(6, 'Mason', 'George');  


INSERT INTO girls (Id, name, ParentName) 
VALUES 
(1, 'Emma', 'Mike'),  
(2, 'Olivia', 'James'),  
(3, 'Ava', 'Robert'),    
(4, 'Sophia', 'Mike'),  
(5, 'Mia', 'John'),      
(6, 'Isabella', 'Emily'),
(7, 'Charlotte', 'George');



select distinct g.ParentName from girls as g
where g.ParentName not in( 
select distinct b.ParentName from boys as b)



CREATE TABLE Cart1
(
Item  VARCHAR(100) PRIMARY KEY
);
GO

CREATE TABLE Cart2
(
Item  VARCHAR(100) PRIMARY KEY
);
GO

INSERT INTO Cart1 (Item) VALUES
('Sugar'),('Bread'),('Juice'),('Soda'),('Flour');
GO

INSERT INTO Cart2 (Item) VALUES
('Sugar'),('Bread'),('Butter'),('Cheese'),('Fruit');
GO


SELECT 
    ISNULL(c1.Item, '') AS [Item Cart 1],
    ISNULL(c2.Item, '') AS [Item Cart 2]
FROM 
    Cart1 c1
FULL OUTER JOIN 
    Cart2 c2
ON 
    c1.Item = c2.Item





Create table Customers (id int, name varchar(255))
Create table Orders (id int, customerId int)
Truncate table Customers
insert into Customers (id, name) values ('1', 'Joe')
insert into Customers (id, name) values ('2', 'Henry')
insert into Customers (id, name) values ('3', 'Sam')
insert into Customers (id, name) values ('4', 'Max')
Truncate table Orders
insert into Orders (id, customerId) values ('1', '3')
insert into Orders (id, customerId) values ('2', '1')



select c.name from Customers as c 
left join orders as o on c.id = o.customerId
where customerId is null


Create table Students (student_id int, student_name varchar(20))
Create table Subjects (subject_name varchar(20))
Create table Examinations (student_id int, subject_name varchar(20))
Truncate table Students
insert into Students (student_id, student_name) values ('1', 'Alice')
insert into Students (student_id, student_name) values ('2', 'Bob')
insert into Students (student_id, student_name) values ('13', 'John')
insert into Students (student_id, student_name) values ('6', 'Alex')
Truncate table Subjects
insert into Subjects (subject_name) values ('Math')
insert into Subjects (subject_name) values ('Physics')
insert into Subjects (subject_name) values ('Programming')
Truncate table Examinations
insert into Examinations (student_id, subject_name) values ('1', 'Math')
insert into Examinations (student_id, subject_name) values ('1', 'Physics')
insert into Examinations (student_id, subject_name) values ('1', 'Programming')
insert into Examinations (student_id, subject_name) values ('2', 'Programming')
insert into Examinations (student_id, subject_name) values ('1', 'Physics')
insert into Examinations (student_id, subject_name) values ('1', 'Math')
insert into Examinations (student_id, subject_name) values ('13', 'Math')
insert into Examinations (student_id, subject_name) values ('13', 'Programming')
insert into Examinations (student_id, subject_name) values ('13', 'Physics')
insert into Examinations (student_id, subject_name) values ('2', 'Math')
insert into Examinations (student_id, subject_name) values ('1', 'Math')





Select s.studentID, s.Name, Count(e.subject_name) as attended_exams from Students as s
cross join Subjects as sub 
left join Examinations as e on s.studentID= e.student_id and sub.subject_name= e.subject_name
group by s.studentID, s.Name, sub.subject_name


